name	fullseq	tm (use 52)	seq	subseq	lensubseq	lenmatch
Pan-MeV_1_SMARTplex	TTTTTCGTGCGCCGCTTCAACGTCAGGGTC	42.93	GCCTTATGCTAACGTCAGGGTC	AACGTCAGGGTC	9	12
Pan-MeV_2_SMARTplex	TTTTTCGTGCGCCGCTTCAACGAATCAGCTGC	43.11	TTCTTAGCTCCGAATCAGCTGC	CGAATCAGCTGC	11	12
Pan-MeV_3_SMARTplex	TTTTTCGTGCGCCGCTTCAACGGACTCAAGTGTG	42.81	AGGTTCATCAAGGACTCAAGTGTG	GGACTCAAGTGTG	13	13
Pan-MeV_4_SMARTplex	TTTTTCGTGCGCCGCTTCAACTGATCTTGTCCT	43.64	ACCGCTCTACTGATCTTGTCCT	ACTGATCTTGTCCT	12	14
Pan-MeV_5_SMARTplex	TTTTTCGTGCGCCGCTTCAACAGCCTTGTTCTTC	41.85	CCGTGTCTGAGCCTTGTTCTTC	AGCCTTGTTCTTC	13	13
Pan-MeV_6_SMARTplex	TTTTTCGTGCGCCGCTTCAACTGGGTTGTCTGAT	45.82	CTCCTGTCCTGGGTTGTCTGAT	CTGGGTTGTCTGAT	13	14
Pan-MeV_7_SMARTplex	TTTTTCGTGCGCCGCTTCAACATCAAGGCCTG	41.27	GTGCTATCACCATCAAGGCCTG	CATCAAGGCCTG	11	12
Pan-MeV_8_SMARTplex	TTTTTCGTGCGCCGCTTCAACTCCGTTCCAAATG	45.65	GACGCGATCTCCGTTCCAAATG	CTCCGTTCCAAATG	13	14
Pan-MeV_9_SMARTplex	TTTTTCGTGCGCCGCTTCAACTCAACTTCTCCC	45.28	TGCTTCTTAATTGACTCAACTTCTCCC	ACTCAACTTCTCCC	12	14
Pan-MeV_10_SMARTplex	TTTTTCGTGCGCCGCTTCAACGAGCTCATCTTTTT	40.81	CGACGGCTGAGCTCATCTTTTT	GAGCTCATCTTTTT	14	14
Pan-MeV_11_SMARTplex	TTTTTCGTGCGCCGCTTCAACCATGCCGACTT	44.13	CTTTGATGTCCCATGCCGACTT	CCATGCCGACTT	11	12
Pan-MeV_12_SMARTplex	TTTTTCGTGCGCCGCTTCAACGAGTTAGTGGGGT	42.93	GTGTGAGGAGAGTTAGTGGGGT	GAGTTAGTGGGGT	13	13
Pan-MeV_13_SMARTplex	TTTTTCGTGCGCCGCTTCAACTCCCGATGTGG	40.06	TCTCCTGAAGTTCCCGATGTGG	TCCCGATGTGG	11	11
Pan-MeV_14_SMARTplex	TTTTTCGTGCGCCGCTTCAACTGATCACGTCGT	42.16	TGGTCATCATTTATGATCACGTCGT	TGATCACGTCGT	12	12
Pan-MeV_15_SMARTplex	TTTTTCGTGCGCCGCTTCAACGAGGGGGCTTTT	42.81	GAGTCTTTCGGAGGGGGCTTTT	GAGGGGGCTTTT	12	12
Pan-MeV_16_SMARTplex	TTTTTCGTGCGCCGCTTCAACAGGGAGTCGGA	40.31	AGGATCTGTCTAGGGAGTCGGA	AGGGAGTCGGA	11	11
Pan-MeV_17_SMARTplex	TTTTTCGTGCGCCGCTTCAACTTCTGGTTTGGTT	40.55	TGGTCTGGGTTCTGGTTTGGTT	TTCTGGTTTGGTT	13	13
Pan-MeV_18_SMARTplex	TTTTTCGTGCGCCGCTTCAACGGTGTCTCCTTTA	45.63	GGGATTCCCGGTGTCTCCTTTA	CGGTGTCTCCTTTA	13	14
Pan-MeV_19_SMARTplex	TTTTTCGTGCGCCGCTTCAACATTGGTTCCAAAAC	41.80	AGTGCATCTCTAATTGGTTCCAAAAC	ATTGGTTCCAAAAC	14	14
Pan-MeV_20_SMARTplex	TTTTTCGTGCGCCGCTTCAACAGCTCATTATTGA	40.06	TTCATAGACGGTATCAGCTCATTATTGA	CAGCTCATTATTGA	13	14
Pan-MeV_21_SMARTplex	TTTTTCGTGCGCCGCTTCAACTTAATCTCGGACAG	45.22	TCACCCCCTTAATCTCGGACAG	CTTAATCTCGGACAG	14	15
Pan-MeV_22_SMARTplex	TTTTTCGTGCGCCGCTTCAACGGCTATTAGGTTCC	43.20	GATGCACAATTGGCTATTAGGTTCC	GGCTATTAGGTTCC	14	14
Pan-MeV_23_SMARTplex	TTTTTCGTGCGCCGCTTCAACTGCTAGTGCTCG	43.50	AGGATGTAGACTATGCTAGTGCTCG	TGCTAGTGCTCG	12	12
Pan-MeV_24_SMARTplex	TTTTTCGTGCGCCGCTTCAACGATCTTGCACCC	41.33	ACATTGTGGATGATCTTGCACCC	GATCTTGCACCC	12	12
Pan-MeV_25_SMARTplex	TTTTTCGTGCGCCGCTTCAACATCACCGATGAT	41.42	GGCCCACTTCATCACCGATGAT	CATCACCGATGAT	12	13
Pan-MeV_26_SMARTplex	TTTTTCGTGCGCCGCTTCAACAGGGACAGCGA	51.95	ACAAGTCTAACAGGGACAGCGA	AACAGGGACAGCGA	11	14
Pan-MeV_27_SMARTplex	TTTTTCGTGCGCCGCTTCAACGCTGCGAGTTTG	44.00	GTGACAAAGGGCTGCGAGTTTG	GCTGCGAGTTTG	12	12
Pan-MeV_28_SMARTplex	TTTTTCGTGCGCCGCTTCAACTCAATGGTGCCC	43.69	CCTGTTATCCTTCAATGGTGCCC	TCAATGGTGCCC	12	12
Pan-MeV_29_SMARTplex	TTTTTCGTGCGCCGCTTCAACCATCCACCTCC	46.77	GTTTGACATCACCATCCACCTCC	ACCATCCACCTCC	11	13
Pan-MeV_30_SMARTplex	TTTTTCGTGCGCCGCTTCAACGGTTCCATCTTCC	42.11	TCTGCGATTGGTTCCATCTTCC	GGTTCCATCTTCC	13	13
Pan-MeV_31_SMARTplex	TTTTTCGTGCGCCGCTTCAACTTCCACATTGT	46.17	TGACATTCCCAACTTCCACATTGT	CAACTTCCACATTGT	11	15
Pan-MeV_32_SMARTplex	TTTTTCGTGCGCCGCTTCAACAGTCTTGACTGT	40.96	TGACCTCATCTCAGTCTTGACTGT	CAGTCTTGACTGT	12	13
Pan-MeV_33_SMARTplex	TTTTTCGTGCGCCGCTTCAACTTCCCGAGTGC	41.42	TGATAAGTTGGATTCCCGAGTGC	TTCCCGAGTGC	11	11
Pan-MeV_34_SMARTplex	TTTTTCGTGCGCCGCTTCAACAGCAGCCGT	40.37	TCCTAACATTTTCAGCAGCCGT	CAGCAGCCGT	9	10
Pan-MeV_35_SMARTplex	TTTTTCGTGCGCCGCTTCAACATTCCCTTTGGAG	44.35	ACTGAATCCCATTCCCTTTGGAG	CATTCCCTTTGGAG	13	14
Pan-MeV_36_SMARTplex	TTTTTCGTGCGCCGCTTCAACTCATCCTTGGC	40.77	TCAAATCGTGCTCATCCTTGGC	CTCATCCTTGGC	11	12
Pan-MeV_37_SMARTplex	TTTTTCGTGCGCCGCTTCAACTGCAAACAAGCT	40.46	TTAGCCTCTGTGCAAACAAGCT	TGCAAACAAGCT	12	12
Pan-MeV_38_SMARTplex	TTTTTCGTGCGCCGCTTCAACGTCTGATTGTCCC	42.29	ACGGCTATGGTCTGATTGTCCC	GTCTGATTGTCCC	13	13
Pan-MeV_39_SMARTplex	TTTTTCGTGCGCCGCTTCAACATAACCTCTCTCG	43.19	AGGTAACGGTCATAACCTCTCTCG	CATAACCTCTCTCG	13	14
Pan-MeV_40_SMARTplex	TTTTTCGTGCGCCGCTTCAACAGAGTCCCCCG	42.50	TCTAGGAATGAAGAGTCCCCCG	AGAGTCCCCCG	11	11
Pan-MeV_41_SMARTplex	TTTTTCGTGCGCCGCTTCAACGCTGGCTCGAAT	44.39	CCTTCCTCATGCTGGCTCGAAT	GCTGGCTCGAAT	12	12
Pan-MeV_42_SMARTplex	TTTTTCGTGCGCCGCTTCAACACACTCGCAG	40.27	GTTGACTGATCCACACTCGCAG	CACACTCGCAG	10	11
Pan-MeV_43_SMARTplex	TTTTTCGTGCGCCGCTTCAACCTCAACCTATGC	42.39	GCTACGATCCCTCAACCTATGC	CCTCAACCTATGC	12	13
Pan-MeV_44_SMARTplex	TTTTTCGTGCGCCGCTTCAACATAGCTCTGCC	44.48	TGGGTTGGTACATAGCTCTGCC	ACATAGCTCTGCC	11	13
Pan-MeV_45_SMARTplex	TTTTTCGTGCGCCGCTTCAACATCAAATGCCC	42.87	TGGTCTATGATAATGTACATCAAATGCCC	ACATCAAATGCCC	11	13
Pan-MeV_46_SMARTplex	TTTTTCGTGCGCCGCTTCAACGGATGTTGTCGAAT	44.12	GTTTTGCCTGGATGTTGTCGAAT	GGATGTTGTCGAAT	14	14
Pan-MeV_47_SMARTplex	TTTTTCGTGCGCCGCTTCAACGTTGCTGCCGA	43.38	TTTGAGATGTTGTTGCTGCCGA	GTTGCTGCCGA	11	11
Pan-MeV_48_SMARTplex	TTTTTCGTGCGCCGCTTCAACGGAAACCCCA	40.89	TCTAGAATTGGCGGAAACCCCA	CGGAAACCCCA	10	11
Pan-MeV_49_SMARTplex	TTTTTCGTGCGCCGCTTCAACAAGGCATAAGCTTA	41.63	CCCGCTGAAAGGCATAAGCTTA	AAGGCATAAGCTTA	14	14
Pan-MeV_50_SMARTplex	TTTTTCGTGCGCCGCTTCAACATTGATATCACCTCT	41.62	TTTTTCAGAGTAGGATTGATATCACCTCT	ATTGATATCACCTCT	15	15
Pan-MeV_51_SMARTplex	TTTTTCGTGCGCCGCTTCAACAGAAGAATGTGCC	41.95	CCCGGAGTAAAGAAGAATGTGCC	AGAAGAATGTGCC	13	13
Pan-MeV_52_SMARTplex	TTTTTCGTGCGCCGCTTCAACGGAATAGAAACTTCG	43.19	AGACAAAGCTGGGAATAGAAACTTCG	GGAATAGAAACTTCG	15	15
