name	pool	seq	length	%gc	tm (use 65)
Pan-MeV_1_LEFT	Pan-MeV_1	CCAAACAAAGTTGGGTAAGGATAGATCA	28	39.29	61.42
Pan-MeV_1_RIGHT	Pan-MeV_1	GCCTTATGCTAACGTCAGGGTC	22	54.55	61.06
Pan-MeV_1_RIGHT_alt1	Pan-MeV_1	GCCTGATGCTAACGTCAGGGTC	22	59.09	63.23
Pan-MeV_1_RIGHT_alt2	Pan-MeV_1	GCCTGATGCTAACGTCTGGGTC	22	59.09	63.23
Pan-MeV_2_LEFT	Pan-MeV_2	AATTGGAAACCCGGATGTGAGC	22	50.00	61.47
Pan-MeV_2_RIGHT	Pan-MeV_2	TTCTTAGCTCCGAATCAGCTGC	22	50.00	60.74
Pan-MeV_2_LEFT_alt1	Pan-MeV_2	AATTGGGAACCCAGATGTGAGC	22	50.00	60.89
Pan-MeV_2_LEFT_alt2	Pan-MeV_2	AATTGGAAACCCAGATGTGAGC	22	45.45	59.17
Pan-MeV_2_RIGHT_alt1	Pan-MeV_2	TTCTTAGCTCTGAATCAGCTGC	22	45.45	58.47
Pan-MeV_3_LEFT	Pan-MeV_1	ATTTGGGTCTTGCTCGCAAAGG	22	50.00	61.98
Pan-MeV_3_RIGHT	Pan-MeV_1	AGGTTCATCAAGGACTCAAGTGTG	24	45.83	60.74
Pan-MeV_3_RIGHT_alt1	Pan-MeV_1	AGATTCATCAAGGACTCAAGTGTG	24	41.67	58.76
Pan-MeV_3_RIGHT_alt2	Pan-MeV_1	AGATTCATCAGGGACTCAAGTGTG	24	45.83	60.32
Pan-MeV_4_LEFT	Pan-MeV_2	TGTATCCTGCTCTTGGACTGCA	22	50.00	61.42
Pan-MeV_4_RIGHT	Pan-MeV_2	ACCGCTCTACTGATCTTGTCCT	22	50.00	60.62
Pan-MeV_4_LEFT_alt1	Pan-MeV_2	TGTATCCTGCTCTCGGACTGCA	22	54.55	63.18
Pan-MeV_4_RIGHT_alt1	Pan-MeV_2	ACTGCTCTACTGGTCCTGTCCT	22	54.55	62.23
Pan-MeV_4_RIGHT_alt2	Pan-MeV_2	ACCGCTCTACTGATCCTGTCCT	22	54.55	62.35
Pan-MeV_4_RIGHT_alt3	Pan-MeV_2	ACTGCTCTGCTGATCCTGTCCT	22	54.55	63.15
Pan-MeV_5_LEFT	Pan-MeV_1	GTATCACTGCCGAGGATGCAAG	22	54.55	61.37
Pan-MeV_5_RIGHT	Pan-MeV_1	CCGTGTCTGAGCCTTGTTCTTC	22	54.55	61.44
Pan-MeV_5_LEFT_alt1	Pan-MeV_1	GTATCACAGCCGAGGATGCAAG	22	54.55	61.37
Pan-MeV_5_RIGHT_alt1	Pan-MeV_1	CCGTGTCTGAGTCTTGTTCTTC	22	50.00	58.95
Pan-MeV_5_RIGHT_alt2	Pan-MeV_1	CCGTGTCTGAACTTTGTTCTTC	22	45.45	57.80
Pan-MeV_5_RIGHT_alt3	Pan-MeV_1	CTGTATCTGAGCCTTGTTCTTC	22	45.45	56.53
Pan-MeV_6_LEFT	Pan-MeV_2	ATTGACACTGCATCGGAGTCCA	22	50.00	62.00
Pan-MeV_6_RIGHT	Pan-MeV_2	CTCCTGTCCTGGGTTGTCTGAT	22	54.55	61.42
Pan-MeV_6_LEFT_alt1	Pan-MeV_2	ATTGACACTGCATCGGAGTTCA	22	45.45	60.29
Pan-MeV_6_LEFT_alt2	Pan-MeV_2	ATTGACACTGCATCGGAGTACA	22	45.45	59.77
Pan-MeV_6_RIGHT_alt1	Pan-MeV_2	GTCCTGTCCTGGGTTGTCTGAT	22	54.55	61.68
Pan-MeV_7_LEFT	Pan-MeV_1	TGTCAAAAACGGACTGGAATGCA	23	43.48	61.49
Pan-MeV_7_RIGHT	Pan-MeV_1	GTGCTATCACCATCAAGGCCTG	22	54.55	61.33
Pan-MeV_7_LEFT_alt1	Pan-MeV_1	TGTCAAAAACGGACTGGAATGTA	23	39.13	58.55
Pan-MeV_7_LEFT_alt2	Pan-MeV_1	TGTCAAGAACGGACTGGAATGCA	23	47.83	62.62
Pan-MeV_7_RIGHT_alt1	Pan-MeV_1	GTGCTATCACCTTCAAGGCCTG	22	54.55	61.26
Pan-MeV_7_RIGHT_alt2	Pan-MeV_1	GCGCTATCATCATCAAGGCCTG	22	54.55	61.76
Pan-MeV_8_LEFT	Pan-MeV_2	CGGTGAAGCGGTTAAGGGAATC	22	54.55	61.57
Pan-MeV_8_RIGHT	Pan-MeV_2	GACGCGATCTCCGTTCCAAATG	22	54.55	62.17
Pan-MeV_8_LEFT_alt1	Pan-MeV_2	CGGTGAAGCGATTAAGGGAATC	22	50.00	59.46
Pan-MeV_8_LEFT_alt2	Pan-MeV_2	CGGTGAAGCGGTTGAGGGAATC	22	59.09	63.73
Pan-MeV_9_LEFT	Pan-MeV_1	AGCACTTCCGAGACACCCATTA	22	50.00	61.41
Pan-MeV_9_RIGHT	Pan-MeV_1	TGCTTCTTAATTGACTCAACTTCTCCC	27	40.74	61.44
Pan-MeV_9_LEFT_alt1	Pan-MeV_1	AGCGCTTCCGAGACACCCATTA	22	54.55	64.01
Pan-MeV_9_LEFT_alt2	Pan-MeV_1	AACACTTCTGAGACACCCATTA	22	40.91	57.03
Pan-MeV_9_LEFT_alt3	Pan-MeV_1	AGCACTTCCGGAACACCCATTA	22	50.00	61.95
Pan-MeV_9_RIGHT_alt1	Pan-MeV_1	TGCTTCTTGATTGACTCAACTTCTCCT	27	40.74	62.53
Pan-MeV_10_LEFT	Pan-MeV_2	AGCCTTGGCCAAAATACACGAG	22	50.00	61.46
Pan-MeV_10_RIGHT	Pan-MeV_2	CGACGGCTGAGCTCATCTTTTT	22	50.00	61.50
Pan-MeV_10_LEFT_alt1	Pan-MeV_2	AGCCCTGGCCAAAATACACGAG	22	54.55	63.16
Pan-MeV_10_LEFT_alt2	Pan-MeV_2	AGCTTTGGCCAAAATACACGAG	22	45.45	59.77
Pan-MeV_10_RIGHT_alt1	Pan-MeV_2	CGACGGCTGAGCTCACCTTTTT	22	54.55	63.61
Pan-MeV_10_RIGHT_alt2	Pan-MeV_2	CGACAGCCGAGCTCACCTTTTT	22	54.55	63.61
Pan-MeV_11_LEFT	Pan-MeV_1	AGAGGACAGCTGCTGAAGGAAT	22	50.00	61.42
Pan-MeV_11_RIGHT	Pan-MeV_1	CTTTGATGTCCCATGCCGACTT	22	50.00	61.20
Pan-MeV_11_LEFT_alt1	Pan-MeV_1	AGAGGACAGCTGCTTAAGGAAT	22	45.45	59.16
Pan-MeV_12_LEFT	Pan-MeV_2	TTGCCTCCCAAGTTCCACAATG	22	50.00	61.34
Pan-MeV_12_RIGHT	Pan-MeV_2	GTGTGAGGAGAGTTAGTGGGGT	22	54.55	61.09
Pan-MeV_12_LEFT_alt1	Pan-MeV_2	TTGGCTCCCAAGTTCCACAATG	22	50.00	61.34
Pan-MeV_12_LEFT_alt2	Pan-MeV_2	TTGCCTCCCAAGCTCCACAATG	22	54.55	63.38
Pan-MeV_12_RIGHT_alt1	Pan-MeV_2	GTGTGAGGAGAGTTAGTGGAGT	22	50.00	58.84
Pan-MeV_12_RIGHT_alt2	Pan-MeV_2	GTGTGAGGAGAGTTAGCGGGGT	22	59.09	63.69
Pan-MeV_13_LEFT	Pan-MeV_1	GTTGTTAGACGTACAGCAGGGC	22	54.55	61.50
Pan-MeV_13_RIGHT	Pan-MeV_1	TCTCCTGAAGTTCCCGATGTGG	22	54.55	61.74
Pan-MeV_13_LEFT_alt1	Pan-MeV_1	GTTGTCAGACGTACAGCAGGAC	22	54.55	61.17
Pan-MeV_13_LEFT_alt2	Pan-MeV_1	GTTGTCAGACGTACAGCAGGGC	22	59.09	63.65
Pan-MeV_13_RIGHT_alt1	Pan-MeV_1	TCTCCTGAAGTTCCCGATGTGA	22	50.00	60.82
Pan-MeV_14_LEFT	Pan-MeV_2	ATAGGCCCTGGGAAGATCATCG	22	54.55	61.42
Pan-MeV_14_RIGHT	Pan-MeV_2	TGGTCATCATTTATGATCACGTCGT	25	40.00	60.68
Pan-MeV_14_LEFT_alt1	Pan-MeV_2	ATTGGCCCTGGGAAGATCATCG	22	54.55	62.47
Pan-MeV_14_LEFT_alt2	Pan-MeV_2	ATTGGCCCCGGGAAGATCATCG	22	59.09	64.75
Pan-MeV_14_LEFT_alt3	Pan-MeV_2	ATTGGCCCTGGGAGGATCATCG	22	59.09	64.21
Pan-MeV_14_LEFT_alt4	Pan-MeV_2	ATTGGCCCTGGAAAGATCATCG	22	50.00	60.75
Pan-MeV_14_RIGHT_alt1	Pan-MeV_2	TGGTCATCATTTATGATCACGTCAT	25	36.00	58.71
Pan-MeV_15_LEFT	Pan-MeV_1	TGAAAATCGAAAAGATGGGCCTGG	24	45.83	61.89
Pan-MeV_15_RIGHT	Pan-MeV_1	GAGTCTTTCGGAGGGGGCTTTT	22	54.55	62.53
Pan-MeV_15_LEFT_alt1	Pan-MeV_1	TGAAGATCGAAAAGATGGGTCTGG	24	45.83	60.62
Pan-MeV_15_RIGHT_alt1	Pan-MeV_1	GAGTCTTTTGGAGGGGGCTTTCT	23	52.17	62.41
Pan-MeV_15_RIGHT_alt2	Pan-MeV_1	GAGTCTTTTGGAGGGGGCTTTT	22	50.00	60.76
Pan-MeV_15_RIGHT_alt3	Pan-MeV_1	GAGTCTCTCGGAGGGGGCTTTT	22	59.09	63.72
Pan-MeV_15_RIGHT_alt4	Pan-MeV_1	GAGTCTTTCCTGGGGGGCTTTT	22	54.55	62.49
Pan-MeV_16_LEFT	Pan-MeV_2	AGTTCTGTAGACCGTAGTGCCC	22	54.55	61.46
Pan-MeV_16_RIGHT	Pan-MeV_2	AGGATCTGTCTAGGGAGTCGGA	22	54.55	61.23
Pan-MeV_16_LEFT_alt1	Pan-MeV_2	AGTTCTGTAGACCGCAGTGCCC	22	59.09	64.50
Pan-MeV_16_LEFT_alt2	Pan-MeV_2	AGTTTTGTAGACCGTAGTGCTC	22	45.45	58.09
Pan-MeV_16_LEFT_alt3	Pan-MeV_2	AGTTCTGTAAACCGCAGTGCCC	22	54.55	63.33
Pan-MeV_16_LEFT_alt4	Pan-MeV_2	AGGTTCTGTAGACCGCAGTGCCC	23	60.87	66.48
Pan-MeV_16_RIGHT_alt1	Pan-MeV_2	AGGATCTGTCTGGGGAGTCGGA	22	59.09	64.05
Pan-MeV_16_RIGHT_alt2	Pan-MeV_2	AGGATCTATCTGGGGAGTCGGA	22	54.55	61.31
Pan-MeV_16_RIGHT_alt3	Pan-MeV_2	AGGATCTGTCTGGGGGGTCGGA	22	63.64	66.38
Pan-MeV_16_RIGHT_alt4	Pan-MeV_2	AGGAACTGCCTGGGGAATCGGG	22	63.64	66.33
Pan-MeV_17_LEFT	Pan-MeV_1	CCCCCTCTTCCTCAACACAAGA	22	54.55	61.62
Pan-MeV_17_RIGHT	Pan-MeV_1	TGGTCTGGGTTCTGGTTTGGTT	22	50.00	62.04
Pan-MeV_17_RIGHT_alt1	Pan-MeV_1	TGGTCTGGATTCTGGTTCGGTT	22	50.00	61.62
Pan-MeV_17_RIGHT_alt2	Pan-MeV_1	TGGTCTGGGTTCTGGTCTGGTT	22	54.55	63.25
Pan-MeV_17_RIGHT_alt3	Pan-MeV_1	TGGTCTGGGTTCTGGTTCGGTT	22	54.55	63.81
Pan-MeV_18_LEFT	Pan-MeV_2	CACCCAACCATCGACAATCCAA	22	50.00	61.14
Pan-MeV_18_RIGHT	Pan-MeV_2	GGGATTCCCGGTGTCTCCTTTA	22	54.55	61.49
Pan-MeV_18_LEFT_alt1	Pan-MeV_2	CACCCAGCCACCGACAGTCCAA	22	63.64	66.93
Pan-MeV_18_LEFT_alt2	Pan-MeV_2	CACCCAGTCACCGACAGTCCAA	22	59.09	64.39
Pan-MeV_18_LEFT_alt3	Pan-MeV_2	CACCCAGCCACCGACAATCCAA	22	59.09	65.31
Pan-MeV_18_LEFT_alt4	Pan-MeV_2	CACCCAGCCATCGACAATCCAA	22	54.55	63.16
Pan-MeV_18_RIGHT_alt1	Pan-MeV_2	GGGATTCTCGGTGTCTCCTTTA	22	50.00	59.24
Pan-MeV_18_RIGHT_alt2	Pan-MeV_2	GGGGTTCCCGGTGTCTCCTTTG	22	63.64	65.06
Pan-MeV_18_RIGHT_alt3	Pan-MeV_2	GGGATCCCTGGTGTCTCCTTTA	22	54.55	60.90
Pan-MeV_19_LEFT	Pan-MeV_1	TCCTCCTTTTCTCGAAGGGACC	22	54.55	61.42
Pan-MeV_19_RIGHT	Pan-MeV_1	AGTGCATCTCTAATTGGTTCCAAAAC	26	38.46	60.29
Pan-MeV_19_LEFT_alt1	Pan-MeV_1	TCCTCCTCTTCTTGAAGGGACC	22	54.55	60.83
Pan-MeV_19_LEFT_alt2	Pan-MeV_1	TCCTCTTCTTCTTGAAGGGACC	22	50.00	59.09
Pan-MeV_19_LEFT_alt3	Pan-MeV_1	TCCTCCCCTTCTCGAAGGGACC	22	63.64	64.90
Pan-MeV_19_LEFT_alt4	Pan-MeV_1	TCCCCCACCTCTCGAAGGGACC	22	68.18	67.17
Pan-MeV_19_RIGHT_alt1	Pan-MeV_1	AGTGCATCTCTAATTGGTTCCAGAAC	26	42.31	61.30
Pan-MeV_20_LEFT	Pan-MeV_2	TCCTCAATAACTGCACGAGGGT	22	50.00	61.41
Pan-MeV_20_RIGHT	Pan-MeV_2	TTCATAGACGGTATCAGCTCATTATTGA	28	35.71	60.27
Pan-MeV_20_LEFT_alt1	Pan-MeV_2	TCCTCAACAATTGCACGAGGGT	22	50.00	62.46
Pan-MeV_20_LEFT_alt2	Pan-MeV_2	TCCTCAACAACTGCACGAGGGT	22	54.55	64.10
Pan-MeV_20_LEFT_alt3	Pan-MeV_2	TCCTCAATAACTGCACAAGGGT	22	45.45	59.62
Pan-MeV_21_LEFT	Pan-MeV_1	ACAAGCAGGGCAGGAGATGATA	22	50.00	61.23
Pan-MeV_21_RIGHT	Pan-MeV_1	TCACCCCCTTAATCTCGGACAG	22	54.55	61.22
Pan-MeV_21_LEFT_alt1	Pan-MeV_1	ACAAGCAGGGCAGGAGACGATA	22	54.55	63.46
Pan-MeV_21_LEFT_alt2	Pan-MeV_1	GCAAGCAGGGCAGGAGATGATA	22	54.55	62.46
Pan-MeV_21_RIGHT_alt1	Pan-MeV_1	TCACCCCTTTAATCTCGGACAG	22	50.00	59.50
Pan-MeV_22_LEFT	Pan-MeV_2	TAAAGGCCCGGATAACTCACGT	22	50.00	61.48
Pan-MeV_22_RIGHT	Pan-MeV_2	GATGCACAATTGGCTATTAGGTTCC	25	44.00	60.51
Pan-MeV_22_LEFT_alt1	Pan-MeV_2	TAAAGGCTCGGATAACTCACGT	22	45.45	59.24
Pan-MeV_22_RIGHT_alt1	Pan-MeV_2	GATGCACAATTAGCTATTAGGTTCC	25	40.00	58.10
Pan-MeV_23_LEFT	Pan-MeV_1	TCGTATCCGGGTCTTTTGGGAA	22	50.00	61.42
Pan-MeV_23_RIGHT	Pan-MeV_1	AGGATGTAGACTATGCTAGTGCTCG	25	48.00	61.54
Pan-MeV_23_LEFT_alt1	Pan-MeV_1	TCGTATCCGGGTCTTTCGGGAA	22	54.55	63.18
Pan-MeV_23_LEFT_alt2	Pan-MeV_1	TCGTATCTGGGTCTTTTGGGAA	22	45.45	59.09
Pan-MeV_23_LEFT_alt3	Pan-MeV_1	TCGTATCCGGGTCCTTCGGGAA	22	59.09	64.90
Pan-MeV_23_LEFT_alt4	Pan-MeV_1	TTGTATCCGGGTCCTTTGGGAA	22	50.00	61.37
Pan-MeV_23_RIGHT_alt1	Pan-MeV_1	AGGATGTAAACTATACTAGTGCTCG	25	40.00	57.80
Pan-MeV_23_RIGHT_alt2	Pan-MeV_1	AGGATGTAAACTATGCTGGTGCTCG	25	48.00	62.92
Pan-MeV_23_RIGHT_alt3	Pan-MeV_1	AGGATGTAGACTATGTTAGTGCTCG	25	44.00	59.76
Pan-MeV_23_RIGHT_alt4	Pan-MeV_1	AGGATGTAAACTATGCTAGTGCTCG	25	44.00	60.51
Pan-MeV_24_LEFT	Pan-MeV_2	TTGTTGGAGTCATCGGACCAGA	22	50.00	61.35
Pan-MeV_24_RIGHT	Pan-MeV_2	ACATTGTGGATGATCTTGCACCC	23	47.83	61.44
Pan-MeV_24_LEFT_alt1	Pan-MeV_2	TTGTTGGAATCATCGGACCAGA	22	45.45	59.70
Pan-MeV_24_LEFT_alt2	Pan-MeV_2	TTGTTAGAGTCATCGGACCAGA	22	45.45	58.57
Pan-MeV_24_RIGHT_alt1	Pan-MeV_2	ACATTGTGGATGGTCTTGCACCC	23	52.17	63.52
Pan-MeV_25_LEFT	Pan-MeV_1	ATTATCTCCGGCTTCCCTCTGG	22	54.55	61.35
Pan-MeV_25_RIGHT	Pan-MeV_1	GGCCCACTTCATCACCGATGAT	22	54.55	62.71
Pan-MeV_25_LEFT_alt1	Pan-MeV_1	ATTGTCTCCGGCTTCCCTCTGG	22	59.09	64.05
Pan-MeV_25_LEFT_alt2	Pan-MeV_1	ATTATCTCTGGCTTCCTTCTGG	22	45.45	57.30
Pan-MeV_25_LEFT_alt3	Pan-MeV_1	ATTATCTCCGGCTTCCCTCTAG	22	50.00	58.56
Pan-MeV_25_LEFT_alt4	Pan-MeV_1	ATTGTCTCCGGCTTCCCTCTGA	22	54.55	63.15
Pan-MeV_25_RIGHT_alt1	Pan-MeV_1	AGCCCACTTCATCACCGATGAT	22	50.00	61.82
Pan-MeV_25_RIGHT_alt2	Pan-MeV_1	GGCCCACTTCATCCCCGATGAT	22	59.09	64.46
Pan-MeV_26_LEFT	Pan-MeV_2	CTCAATCGAGCATCAGGTCAAGG	23	52.17	61.29
Pan-MeV_26_RIGHT	Pan-MeV_2	ACAAGTCTAACAGGGACAGCGA	22	50.00	61.34
Pan-MeV_26_LEFT_alt1	Pan-MeV_2	CTCAATCGAGCATCAGGTTAAGG	23	47.83	59.19
Pan-MeV_26_RIGHT_alt1	Pan-MeV_2	ACAAGTCCAACAGGGACAGCGA	22	54.55	64.10
Pan-MeV_26_RIGHT_alt2	Pan-MeV_2	ACAAGTCCAACAAGGACAGCGA	22	50.00	62.38
Pan-MeV_26_RIGHT_alt3	Pan-MeV_2	ATAAGTCTAACAGAGACAGCGA	22	40.91	56.41
Pan-MeV_27_LEFT	Pan-MeV_1	GGAGACCAGAACAACCAATCAGT	23	47.83	60.50
Pan-MeV_27_RIGHT	Pan-MeV_1	GTGACAAAGGGCTGCGAGTTTG	22	54.55	62.76
Pan-MeV_27_LEFT_alt1	Pan-MeV_1	GGAGACCAGGGCAACCAATCAGT	23	56.52	64.62
Pan-MeV_27_LEFT_alt2	Pan-MeV_1	GGAGGCCAGGGCAACCAATCAGT	23	60.87	67.10
Pan-MeV_27_LEFT_alt3	Pan-MeV_1	GGAGGCTAGGGCAACCAATCAGT	23	56.52	64.43
Pan-MeV_27_LEFT_alt4	Pan-MeV_1	GGAGACCAGAACAACCACTCAGT	23	52.17	62.07
Pan-MeV_27_RIGHT_alt1	Pan-MeV_1	GTGACAGAGGGCTGCGAACTTG	22	59.09	63.91
Pan-MeV_27_RIGHT_alt2	Pan-MeV_1	GTGACAAAGGGCTGCGAATTTG	22	50.00	61.18
Pan-MeV_28_LEFT	Pan-MeV_2	GCAACCAGTCAGTAATGATCTCAGC	25	48.00	61.93
Pan-MeV_28_RIGHT	Pan-MeV_2	CCTGTTATCCTTCAATGGTGCCC	23	52.17	61.50
Pan-MeV_28_LEFT_alt1	Pan-MeV_2	GCAACCAGTCAGTAATGATTTCAGC	25	44.00	60.90
Pan-MeV_28_LEFT_alt2	Pan-MeV_2	GCAACCAGTCAGTAATGGTCTCGGC	25	56.00	65.76
Pan-MeV_28_RIGHT_alt1	Pan-MeV_2	CCTGTTATCCTTCAATGGTGTCC	23	47.83	59.05
Pan-MeV_28_RIGHT_alt2	Pan-MeV_2	CCTGTTATCCTTCAACGGTGTCC	23	52.17	61.17
Pan-MeV_28_RIGHT_alt3	Pan-MeV_2	CCTGTTATCCTTCAATGGTACCC	23	47.83	58.54
Pan-MeV_28_RIGHT_alt4	Pan-MeV_2	CCTGCTGTCCTTCAACGGTGCCC	23	65.22	68.00
Pan-MeV_29_LEFT	Pan-MeV_1	ATGCTTCCAACAGGCGTGTAAG	22	50.00	61.45
Pan-MeV_29_RIGHT	Pan-MeV_1	GTTTGACATCACCATCCACCTCC	23	52.17	61.43
Pan-MeV_29_LEFT_alt1	Pan-MeV_1	ATGCTTCCAGCAGGCGTGTAAG	22	54.55	63.45
Pan-MeV_29_LEFT_alt2	Pan-MeV_1	ATGCTTCCAGCAGGCGTGTAAAG	23	52.17	63.82
Pan-MeV_29_LEFT_alt3	Pan-MeV_1	ATGCTTCCAGCAGGCGTGCAAG	22	59.09	66.44
Pan-MeV_29_RIGHT_alt1	Pan-MeV_1	GTTTGACATCACCGTCCACCTCC	23	56.52	63.51
Pan-MeV_30_LEFT	Pan-MeV_2	AGTCCCAACCTCTTCACTGTCC	22	54.55	61.62
Pan-MeV_30_RIGHT	Pan-MeV_2	TCTGCGATTGGTTCCATCTTCC	22	50.00	60.68
Pan-MeV_30_LEFT_alt1	Pan-MeV_2	AGTCCCAACCTCTTCACTGTTCC	23	52.17	62.08
Pan-MeV_30_LEFT_alt2	Pan-MeV_2	AGTCCCGACCTCTTCACTGTTCC	23	56.52	63.76
Pan-MeV_30_RIGHT_alt1	Pan-MeV_2	TCTGCGGTTGGTTCCATCTTCC	22	54.55	62.83
Pan-MeV_30_RIGHT_alt2	Pan-MeV_2	TCTGCGGTTTGTTCCATCTTCC	22	50.00	61.13
Pan-MeV_30_RIGHT_alt3	Pan-MeV_2	TCTGCGATTGGCTTCGTCTTCC	22	54.55	63.17
Pan-MeV_31_LEFT	Pan-MeV_1	ATCACTCACTCTGGGATGGTGG	22	54.55	61.49
Pan-MeV_31_RIGHT	Pan-MeV_1	TGACATTCCCAACTTCCACATTGT	24	41.67	60.94
Pan-MeV_31_LEFT_alt1	Pan-MeV_1	ATCACCCACTCTGGGATGGTGG	22	59.09	63.77
Pan-MeV_32_LEFT	Pan-MeV_2	TGTGTCAGAACATCAAGCACCG	22	50.00	61.38
Pan-MeV_32_RIGHT	Pan-MeV_2	TGACCTCATCTCAGTCTTGACTGT	24	45.83	60.99
Pan-MeV_32_RIGHT_alt1	Pan-MeV_2	TGACCTCATCTCGGTCTTGACTGT	24	50.00	63.11
Pan-MeV_33_LEFT	Pan-MeV_1	TTGGGAGTTTACATGCACAGCT	22	45.45	60.49
Pan-MeV_33_RIGHT	Pan-MeV_1	TGATAAGTTGGATTCCCGAGTGC	23	47.83	60.68
Pan-MeV_33_LEFT_alt1	Pan-MeV_1	TTGGGAGTTTACATGCATAGCT	22	40.91	57.76
Pan-MeV_33_LEFT_alt2	Pan-MeV_1	TTGGGAGTCTACATGCATAGCT	22	45.45	58.96
Pan-MeV_33_LEFT_alt3	Pan-MeV_1	TTAGGAGTTTACATGCACAGCT	22	40.91	57.71
Pan-MeV_33_RIGHT_alt1	Pan-MeV_1	TGATAAGTTGAATTCCCGAGTGC	23	43.48	59.06
Pan-MeV_34_LEFT	Pan-MeV_2	TGACTATTGATGCTAGGTATACAGAGCT	28	39.29	61.17
Pan-MeV_34_RIGHT	Pan-MeV_2	TCCTAACATTTTCAGCAGCCGT	22	45.45	60.55
Pan-MeV_34_LEFT_alt1	Pan-MeV_2	TGACCATTGATGCTAGGTATACAGAGCT	28	42.86	63.37
Pan-MeV_34_LEFT_alt2	Pan-MeV_2	TGACCATTGATGCTAGGTATACTGAGCT	28	42.86	63.37
Pan-MeV_34_LEFT_alt3	Pan-MeV_2	TGACCATTGATGCCAGGTATACAGAACT	28	42.86	63.95
Pan-MeV_34_LEFT_alt4	Pan-MeV_2	TGACCATTGATGCCAGGTATACAGAGCT	28	46.43	65.58
Pan-MeV_34_RIGHT_alt1	Pan-MeV_2	TTCTAACATTTTCAGCAGCCGT	22	40.91	58.85
Pan-MeV_34_RIGHT_alt2	Pan-MeV_2	TCCTGACATTTGCAGCAGCCGT	22	54.55	65.30
Pan-MeV_35_LEFT	Pan-MeV_1	TTTTCAGAAGTTTCGGCCACCC	22	50.00	61.59
Pan-MeV_35_RIGHT	Pan-MeV_1	ACTGAATCCCATTCCCTTTGGAG	23	47.83	60.31
Pan-MeV_35_LEFT_alt1	Pan-MeV_1	TTTTTAGAAGTTTCGGCCACCC	22	45.45	59.38
Pan-MeV_35_RIGHT_alt1	Pan-MeV_1	ACTGAATCCCACTCCCTTTGGAG	23	52.17	61.91
Pan-MeV_35_RIGHT_alt2	Pan-MeV_1	ACTGAATCCCATTCTCTTTGAAG	23	39.13	56.51
Pan-MeV_36_LEFT	Pan-MeV_2	GGCTGCTTTATGCCTCTTAGCC	22	54.55	61.65
Pan-MeV_36_RIGHT	Pan-MeV_2	TCAAATCGTGCTCATCCTTGGC	22	50.00	61.52
Pan-MeV_36_LEFT_alt1	Pan-MeV_2	GGTTGCTTTATGCCTCTTAGCC	22	50.00	59.64
Pan-MeV_36_RIGHT_alt1	Pan-MeV_2	TCAAATCGTGCTCGTCCTTGGC	22	54.55	63.67
Pan-MeV_36_RIGHT_alt2	Pan-MeV_2	TCAAATCATGTTCATCCTTGGC	22	40.91	57.28
Pan-MeV_37_LEFT	Pan-MeV_1	GGCATGCCAAGTGATTGCTGAA	22	50.00	62.30
Pan-MeV_37_RIGHT	Pan-MeV_1	TTAGCCTCTGTGCAAACAAGCT	22	45.45	60.75
Pan-MeV_37_LEFT_alt1	Pan-MeV_1	GAGCATGCCAAGTGATTGCTGAA	23	47.83	62.23
Pan-MeV_37_RIGHT_alt1	Pan-MeV_1	TTAGCCTCTGGGCAAATAAGCT	22	45.45	59.76
Pan-MeV_37_RIGHT_alt2	Pan-MeV_1	TTAGCCTCTGTGCAAATAAGCT	22	40.91	58.04
Pan-MeV_37_RIGHT_alt3	Pan-MeV_1	TTAGCCTCTGTGCAAACAGGCT	22	50.00	62.47
Pan-MeV_38_LEFT	Pan-MeV_2	AGCTTACGAGACAGTCAGTGCA	22	50.00	61.65
Pan-MeV_38_RIGHT	Pan-MeV_2	ACGGCTATGGTCTGATTGTCCC	22	54.55	62.13
Pan-MeV_38_LEFT_alt1	Pan-MeV_2	AGCTTATGAGACAGTCAGTGCA	22	45.45	59.44
Pan-MeV_38_LEFT_alt2	Pan-MeV_2	AGCCTACGAGACAGTCAGTGCA	22	54.55	63.35
Pan-MeV_38_LEFT_alt3	Pan-MeV_2	AACTTACGAGACAGTCAGTGCA	22	45.45	59.64
Pan-MeV_38_RIGHT_alt1	Pan-MeV_2	ACAGCTATAGTCTGATTGTCCC	22	45.45	57.05
Pan-MeV_39_LEFT	Pan-MeV_1	TGAGAGCGGAGTAAGGATTGCT	22	50.00	61.21
Pan-MeV_39_RIGHT	Pan-MeV_1	AGGTAACGGTCATAACCTCTCTCG	24	50.00	61.46
Pan-MeV_39_LEFT_alt1	Pan-MeV_1	TGAAAGCGGAGTAAGGATTGCT	22	45.45	60.03
Pan-MeV_40_LEFT	Pan-MeV_2	AGTTGATGAAACAAGGGCAGCA	22	45.45	61.02
Pan-MeV_40_RIGHT	Pan-MeV_2	TCTAGGAATGAAGAGTCCCCCG	22	54.55	60.69
Pan-MeV_40_LEFT_alt1	Pan-MeV_2	AGTTGATGAGACAAGGGCAGCA	22	50.00	62.21
Pan-MeV_40_RIGHT_alt1	Pan-MeV_2	TCTAGGAATGAAGAGTCTCCTG	22	45.45	56.11
Pan-MeV_40_RIGHT_alt2	Pan-MeV_2	TCCAGGAATGAAGAGTCCCCTG	22	54.55	61.16
Pan-MeV_40_RIGHT_alt3	Pan-MeV_2	TCTAGGAATGAAGAGTCCCCTG	22	50.00	58.35
Pan-MeV_41_LEFT	Pan-MeV_1	AATGATTCTCGCCTCACTAATGCC	24	45.83	61.28
Pan-MeV_41_RIGHT	Pan-MeV_1	CCTTCCTCATGCTGGCTCGAAT	22	54.55	62.70
Pan-MeV_41_LEFT_alt1	Pan-MeV_1	AATGATTCTCGCATCACTAATGCC	24	41.67	59.79
Pan-MeV_41_LEFT_alt2	Pan-MeV_1	AATGATTCTCGCCTCGCTAATGCC	24	50.00	63.63
Pan-MeV_41_LEFT_alt3	Pan-MeV_1	AATGATTCATGCATCACTAATGCC	24	37.50	58.22
Pan-MeV_41_RIGHT_alt1	Pan-MeV_1	CCTTCCTCATGCTGGCCCGAAT	22	59.09	64.96
Pan-MeV_42_LEFT	Pan-MeV_2	CCTAGGGCAGCTCATGAAATCC	22	54.55	60.81
Pan-MeV_42_RIGHT	Pan-MeV_2	GTTGACTGATCCACACTCGCAG	22	54.55	61.49
Pan-MeV_42_RIGHT_alt1	Pan-MeV_2	GTTGACTGATCCACATTCGCAG	22	50.00	59.91
Pan-MeV_43_LEFT	Pan-MeV_1	GCCTTGAGGTCCCTGATGTACT	22	54.55	61.48
Pan-MeV_43_RIGHT	Pan-MeV_1	GCTACGATCCCTCAACCTATGC	22	54.55	60.61
Pan-MeV_43_LEFT_alt1	Pan-MeV_1	GCCTTGAAGTCCCTGACGTACT	22	54.55	61.98
Pan-MeV_43_RIGHT_alt1	Pan-MeV_1	GCTACGATCCCTCAACCTGTGC	22	59.09	63.23
Pan-MeV_43_RIGHT_alt2	Pan-MeV_1	GCTACGATCCCTCAATCTATGC	22	50.00	58.48
Pan-MeV_43_RIGHT_alt3	Pan-MeV_1	ACTACGATCCCTCAACCTATGT	22	45.45	58.09
Pan-MeV_44_LEFT	Pan-MeV_2	ATGTGAGCCTGGAGGAGCTAAG	22	54.55	61.55
Pan-MeV_44_RIGHT	Pan-MeV_2	TGGGTTGGTACATAGCTCTGCC	22	54.55	62.07
Pan-MeV_44_LEFT_alt1	Pan-MeV_2	ATGTGAGCCTGGAAGAGCTAAG	22	50.00	59.83
Pan-MeV_44_RIGHT_alt1	Pan-MeV_2	TGGGTTGGTACATAGCTCTGCTC	23	52.17	62.01
Pan-MeV_45_LEFT	Pan-MeV_1	AGATTGTTGCGTGATCCCGATG	22	50.00	61.32
Pan-MeV_45_RIGHT	Pan-MeV_1	TGGTCTATGATAATGTACATCAAATGCCC	29	37.93	61.60
Pan-MeV_45_LEFT_alt1	Pan-MeV_1	AGATTGTTGCGTGATCCCTATG	22	45.45	58.53
Pan-MeV_45_RIGHT_alt1	Pan-MeV_1	TGGTCTATGATAATGCACATCAAATGCCC	29	41.38	63.95
Pan-MeV_45_RIGHT_alt2	Pan-MeV_1	TGGTCTATGATAATGTATATCAAATGCCC	29	34.48	59.53
Pan-MeV_45_RIGHT_alt3	Pan-MeV_1	TGGTCTGTGATAATGTATATCAAATGCCC	29	37.93	61.60
Pan-MeV_46_LEFT	Pan-MeV_2	CTATCTACTTGGGCCAGTGTGC	22	54.55	60.74
Pan-MeV_46_RIGHT	Pan-MeV_2	GTTTTGCCTGGATGTTGTCGAAT	23	43.48	60.31
Pan-MeV_46_LEFT_alt1	Pan-MeV_2	CTATCTACTTAGGCCAGTGTGC	22	50.00	58.02
Pan-MeV_46_RIGHT_alt1	Pan-MeV_2	GTTTTGCCTGGATATTGTCGAAT	23	39.13	57.75
Pan-MeV_46_RIGHT_alt2	Pan-MeV_2	GTTTTGCCTGGATGTTGTCAAAT	23	39.13	58.62
Pan-MeV_46_RIGHT_alt3	Pan-MeV_2	GTTTTGCTTGGATGTTGTCGAAT	23	39.13	58.70
Pan-MeV_47_LEFT	Pan-MeV_1	AGTTAGAAGAGTTCACATTTCTCTTGTGT	29	34.48	61.04
Pan-MeV_47_RIGHT	Pan-MeV_1	TTTGAGATGTTGTTGCTGCCGA	22	45.45	61.33
Pan-MeV_47_LEFT_alt1	Pan-MeV_1	AGTTAGAAGAGTTCACATTTCTTTTGTGT	29	31.03	60.13
Pan-MeV_47_LEFT_alt2	Pan-MeV_1	AGTTAGAAGAGTTCACATTTCTTTTGTGC	29	34.48	61.08
Pan-MeV_47_LEFT_alt3	Pan-MeV_1	AGTTAGACGAGTTCACATTTCTTTTGTGT	29	34.48	61.88
Pan-MeV_47_RIGHT_alt1	Pan-MeV_1	TTCGGGAAGTTGTTGCTGCCGA	22	54.55	65.21
Pan-MeV_47_RIGHT_alt2	Pan-MeV_1	TTTGAGATGTTGTTGCTGCCTA	22	40.91	58.51
Pan-MeV_47_RIGHT_alt3	Pan-MeV_1	TTTGGGAAGTTGTTGCTCCCGA	22	50.00	62.66
Pan-MeV_47_RIGHT_alt4	Pan-MeV_1	TTTGAGATGTTGTTGCTGCAGA	22	40.91	59.05
Pan-MeV_48_LEFT	Pan-MeV_2	CAGGATTCATTTTCGACGCCCT	22	50.00	61.26
Pan-MeV_48_RIGHT	Pan-MeV_2	TCTAGAATTGGCGGAAACCCCA	22	50.00	61.69
Pan-MeV_48_LEFT_alt1	Pan-MeV_2	CAGGATTCATTTTTGACGCCCT	22	45.45	59.51
Pan-MeV_48_LEFT_alt2	Pan-MeV_2	CAGGATTCATCTTCGACGCCCT	22	54.55	62.43
Pan-MeV_48_RIGHT_alt1	Pan-MeV_2	TCTAGAATTGGCAGAAACCCCG	22	50.00	60.36
Pan-MeV_49_LEFT	Pan-MeV_1	GGTGAGGGATCGGGTTCTATGT	22	54.55	61.28
Pan-MeV_49_RIGHT	Pan-MeV_1	CCCGCTGAAAGGCATAAGCTTA	22	50.00	61.00
Pan-MeV_49_LEFT_alt1	Pan-MeV_1	GGTGAGGGGTCGGGTTCTATGT	22	59.09	63.47
Pan-MeV_49_LEFT_alt2	Pan-MeV_1	GGTGAGGGGTCGGGCTCTATGT	22	63.64	65.52
Pan-MeV_49_LEFT_alt3	Pan-MeV_1	GGTGAGGGGTCAGGTTCTATGT	22	54.55	61.16
Pan-MeV_49_LEFT_alt4	Pan-MeV_1	GGTGAGGGATCAGGTTCTATGT	22	50.00	58.96
Pan-MeV_49_RIGHT_alt1	Pan-MeV_1	CCCACTGACAGGCATAAGCTTA	22	50.00	60.09
Pan-MeV_50_LEFT	Pan-MeV_2	GCTAGAGGAATTGGCAGCCATC	22	54.55	61.39
Pan-MeV_50_RIGHT	Pan-MeV_2	TTTTTCAGAGTAGGATTGATATCACCTCT	29	34.48	60.13
Pan-MeV_50_LEFT_alt1	Pan-MeV_2	GCTAGAGGAATTGGCAGCTATC	22	50.00	58.67
Pan-MeV_50_RIGHT_alt1	Pan-MeV_2	TTTTTCAGAGTAGGGTTGATATCACCTCT	29	37.93	61.82
Pan-MeV_50_RIGHT_alt2	Pan-MeV_2	TTTTTCAGGGTAGGGTTGATATCACCTCT	29	41.38	63.58
Pan-MeV_51_LEFT	Pan-MeV_1	CACCTGGACTTATAGGTCACATCCT	25	48.00	61.40
Pan-MeV_51_RIGHT	Pan-MeV_1	CCCGGAGTAAAGAAGAATGTGCC	23	52.17	61.48
Pan-MeV_51_LEFT_alt1	Pan-MeV_1	CACCTGGACTTATAGGCCACATCCT	25	52.00	63.69
Pan-MeV_51_RIGHT_alt1	Pan-MeV_1	CCCGGAGTAAAGAAGAATATGCC	23	47.83	58.93
Pan-MeV_51_RIGHT_alt2	Pan-MeV_1	CCCAGAGTATAGAAGAATATGCC	23	43.48	55.77
Pan-MeV_51_RIGHT_alt3	Pan-MeV_1	CCCAGAGTACAGAAGAATATGCC	23	47.83	58.36
Pan-MeV_51_RIGHT_alt4	Pan-MeV_1	CCCAGAGTAAAGAAGAATATGCC	23	43.48	56.73
Pan-MeV_52_LEFT	Pan-MeV_2	TGGTAAGTAGCAGGCAACGAGA	22	50.00	61.40
Pan-MeV_52_RIGHT	Pan-MeV_2	AGACAAAGCTGGGAATAGAAACTTCG	26	42.31	61.51
Pan-MeV_52_LEFT_alt1	Pan-MeV_2	TGGTGAGTAGTAGGCAACGGGA	22	54.55	62.81
